state,pic,
RI,https://media.gettyimages.com/photos/providence-downtown-panorama-picture-id108175535?k=6&m=108175535&s=612x612&w=0&h=fdpJKTYu9lUqbqPqsVIXVBKOA2A0ht2YPWaoOwHVpDU=,
SC,https://media.gettyimages.com/vectors/charleston-south-carolina-skyline-with-arthur-ravenal-jr-bridge-vector-id475232021?k=6&m=475232021&s=612x612&w=0&h=ARbRMj36euftgyja86ucBVW_NC0MuKAb1bycCiUDHL0=,
SD,https://media.gettyimages.com/photos/sioux-falls-south-dakota-picture-id175434943?k=6&m=175434943&s=612x612&w=0&h=LNqXb7Jt1dRzLR2ry7cqcIsZ2TzlpolWTI0HAqUnQWc=,
TN,https://media.gettyimages.com/photos/broadway-in-downtown-nashville-tennessee-picture-id518780444?k=6&m=518780444&s=612x612&w=0&h=yMGxZ-LL_v9BOVEuojmOjtDDRm5FVMWL63h5CjqGz7E=,
TX,https://media.gettyimages.com/photos/dallas-texas-skyline-and-reunion-tower-panoramic-picture-id639762280?k=6&m=639762280&s=612x612&w=0&h=zd6TKe6ZEM1yI9kNcZTCVDUXfAV9y6J52xQxpho7GNc=,
UT,https://media.gettyimages.com/photos/salt-lake-city-skyline-in-early-spring-with-copy-space-picture-id168717029?k=6&m=168717029&s=612x612&w=0&h=4xPZHK-jvFtrmSJQnEhL74_0GTfP8H8_3E3gaYu5oYE=,
VA,https://media.gettyimages.com/photos/rosslyn-virginia-at-night-picture-id523155616?k=6&m=523155616&s=612x612&w=0&h=SdFu2-1SeltWSgyRGqbHAnNTWiZMlIMkj_hMFm3-QuI=,
VT,https://media.gettyimages.com/photos/burlington-vermont-picture-id182774332?k=6&m=182774332&s=612x612&w=0&h=_OUkNH0o5I99Gq1RatP6jNoBW-qv4uwvRVai1eYO9kg=,
WA,https://media.gettyimages.com/photos/sunset-seattle-picture-id615989790?k=6&m=615989790&s=612x612&w=0&h=bdZjzfWy0B1XceGlJHOvKs3tlvRqF4hf4pAcv476gRI=,
WI,https://media.gettyimages.com/photos/skyscrapers-skyline-of-milwaukee-and-lake-michigan-wi-picture-id522894215?k=6&m=522894215&s=612x612&w=0&h=sdkX-gJ-nA_cNHqGcRmLw3iiAvBOyEp0SCCFBa9lyA8=,
WV,https://media.gettyimages.com/photos/charleston-west-virginia-picture-id184971665?k=6&m=184971665&s=612x612&w=0&h=lJvuaT3p5cz-muZAGXy5zOYh87PP2Cv6S-QbR6el6Y4=,
WY,https://media.gettyimages.com/photos/cheyenne-picture-id171290461?k=6&m=171290461&s=612x612&w=0&h=agCIU6zr6hnK-JlH6y1AVd8YEQO0SQD3WLTnERRJEtE=,
IA,https://media.gettyimages.com/photos/iowa-state-capitol-at-night-picture-id167641802?k=6&m=167641802&s=612x612&w=0&h=1C1vH_jdb6MJrSIGTLLYXg_AtjzWzexoHkYwH-qElPg=,
ID,https://media.gettyimages.com/photos/boise-idaho-downtown-at-dusk-with-fresh-snow-on-hills-and-long-light-picture-id497193960?k=6&m=497193960&s=612x612&w=0&h=dOwuXQrCxrB7-c8TsZz_a6qM86rLOSefyPZwswR_FIk=,
IL,https://media.gettyimages.com/photos/chicago-river-cityscape-at-sunset-picture-id1065188752?k=6&m=1065188752&s=612x612&w=0&h=hxmHYkJX-Bh2aXT9fGQiZplFRRzMrtENULxwU9AG_c4=,
IN,https://media.gettyimages.com/photos/indianapolis-skyline-indiana-picture-id517747007?k=6&m=517747007&s=612x612&w=0&h=Dh0C9KB3cb-KKVoDjasOgfZQZlDE7JaHAsmQSiGsEas=,
KS,https://media.gettyimages.com/photos/kansas-city-skyline-at-sunset-picture-id578848530?k=6&m=578848530&s=612x612&w=0&h=dJzf7iSYhojeaMZLtImwEkdTOCmamOWT-Fcc0bDbQJQ=,
KY,https://media.gettyimages.com/photos/louisville-kentucky-picture-id485592444?k=6&m=485592444&s=612x612&w=0&h=WlEO7RTbOPKLdDokiRJLyXx7abzWqeXFXkkCDyodI5M=,
LA,https://media.gettyimages.com/photos/downtown-new-orleans-louisiana-skyline-along-the-mississippi-river-picture-id656256058?k=6&m=656256058&s=612x612&w=0&h=ObUM6bFYi-33DZP-_1lw37KO3j70yr_hxIpmZnDYoEg=,
AL,https://media.gettyimages.com/photos/downtown-los-angeles-is-left-with-a-backdrop-of-snow-on-the-san-a-picture-id696061?k=6&m=696061&s=612x612&w=0&h=cWVUHkuHKAisyukB4LGx6t4FRnjHoBqrFcl0L3q797A=,
AL,https://media.gettyimages.com/photos/birmingham-alabama-picture-id168260700?k=6&m=168260700&s=612x612&w=0&h=IMTTRunScw0XcFwg-lCPCCKKgaAnxNC44MZQI9bv8vk=,
AR,https://media.gettyimages.com/photos/little-rock-skyline-at-dusk-picture-id185067240?k=6&m=185067240&s=612x612&w=0&h=nOi_NvoWBciYY1qzsgIyvBYhJzP97cRRch9S6YRWbPY=,
AZ,https://media.gettyimages.com/photos/phoenix-arizona-skyline-panorama-cityscape-sunset-aerial-from-picture-id498098815?k=6&m=498098815&s=612x612&w=0&h=8VUODsyi5FUp3ujGH-Hh6pm7X1iYReDQjibaZAMZpSo=,
CA,https://media.gettyimages.com/photos/traffic-in-downtown-los-angeles-california-picture-id913327824?k=6&m=913327824&s=612x612&w=0&h=hYnN8nsHIQzIkpYA6CzyslvhOA88zIFdpEeSWwT5GJ8=,
CO,https://media.gettyimages.com/photos/denver-skyline-picture-id516163902?k=6&m=516163902&s=612x612&w=0&h=e6tV7-3oXKPvFpmzIVZW8pi9mudPBqLAyFnOtXLBqHk=,
CN,https://media.gettyimages.com/photos/hartford-connecticut-picture-id117658700?k=6&m=117658700&s=612x612&w=0&h=pN0zRMlqFAFnMbZraoY3e_tfAqJjURc0Yrwo3Q-zJ7k=,
DC,https://media.gettyimages.com/photos/aerial-of-washington-dc-shows-lincoln-washington-memorial-and-us-and-picture-id975932128?k=6&m=975932128&s=612x612&w=0&h=QGdKl6FyfMCeQU21D5LFrejOtWwSC5pPpaXv8KEqHRQ=,
DE,https://media.gettyimages.com/photos/wilmington-delaware-picture-id183512895?k=6&m=183512895&s=612x612&w=0&h=m2RGomc-3F9s0rXjn3dw6AED-r2bLyZo1FzPfZoHirA=,
FL,https://media.gettyimages.com/photos/fort-lauderdale-strip-aerial-view-picture-id638189622?k=6&m=638189622&s=612x612&w=0&h=dITLWDj3agMUbQ-1DTr4dnVWk_mKC9l-Gtuj74hzQHY=,
GA,https://media.gettyimages.com/photos/piedmont-park-picture-id170174249?k=6&m=170174249&s=612x612&w=0&h=XsI9ZPRrEPdvZpv5DsQgJ4eF8aoHAP10no3bTw9IkNk=,
HI,https://media.gettyimages.com/photos/skyline-aerial-of-honolulu-hawaii-picture-id804786148?k=6&m=804786148&s=612x612&w=0&h=UBGEONb4QPOITQyRZQhA8NLuY7P4peotAjDxg-u5iaM=,
MA,https://media.gettyimages.com/photos/reflection-of-buildings-in-water-picture-id739245555?k=6&m=739245555&s=612x612&w=0&h=4_0IkQlVyOluh1yU3JNRk69AX9N130-1mmmgclo56nI=,
MD,https://media.gettyimages.com/photos/baltimore-morning-picture-id134183171?k=6&m=134183171&s=612x612&w=0&h=BkUmWV5yWxk3r79a7T3dWslwY8vgoFgDDZxiZJmVs8U=,
ME,https://media.gettyimages.com/photos/downtown-portsmouth-skyline-picture-id690684248?k=6&m=690684248&s=612x612&w=0&h=g4UqnVOJwAvlk__wxBAlT7_S_SzSZFPmkcVR0OGePEA=,
MI,https://media.gettyimages.com/photos/detroit-aerial-panorama-picture-id859451446?k=6&m=859451446&s=612x612&w=0&h=5_FJrhdXgwFH6kokXQgd3rVOPlaIOipf_DPbn321N8w=,
MN,https://media.gettyimages.com/photos/minneapolis-cityscape-picture-id836373158?k=6&m=836373158&s=612x612&w=0&h=Vi31s7WaIZNBomzT7yPClpQq6z7A0SxbHgXWwp9g0J8=,
MO,https://media.gettyimages.com/photos/the-plaza-of-the-courthouse-underneath-the-st-louis-arch-in-missouri-picture-idmedwt16049?k=6&m=medwt16049&s=612x612&w=0&h=Dv5IRoEdItQTi5K_tOPEMCUru-q591qllsqSGTRwHlw=,
NV,https://media.gettyimages.com/photos/las-vegas-strip-picture-id517872069?k=6&amp;m=517872069&amp;s=612x612&amp;w=0&amp;h=fy7ABLa5qGwArqZICUoLlcdXEwfD0RxGw2sFiVKrUbs=,
NY,https://media.gettyimages.com/photos/the-city-of-dreams-new-york-citys-skyline-at-twilight-picture-id599766748?k=6&amp;m=599766748&amp;s=612x612&amp;w=0&amp;h=lH6tE3v2zfcgelLSuA4IQ85ta2js9NfToMLfXlYerng=,
OH,https://media.gettyimages.com/photos/columbus-ohio-usa-picture-id459200923?k=6&amp;m=459200923&amp;s=612x612&amp;w=0&amp;h=sQOIfBy6KUd2SLN_XanHuVttsqdYXTWXp51V4Z85qys=,
OK,https://media.gettyimages.com/photos/tulsa-skyline-pond-and-fountains-picture-id185061784?k=6&amp;m=185061784&amp;s=612x612&amp;w=0&amp;h=GdvzUvGjfMoZuKGNpBhnp2KlUWVPQYZz2C3m9Dx1J44=,
OR,https://media.gettyimages.com/photos/portland-skyline-picture-id157607453?k=6&amp;m=157607453&amp;s=612x612&amp;w=0&amp;h=5LUSDD3cihgQ43ZP8K2aq-684GRkLf3byvXHQjGnPbQ=,
PA,https://media.gettyimages.com/photos/benjamin-franklin-parkway-philadelphia-skyline-picture-id696619958?k=6&amp;m=696619958&amp;s=612x612&amp;w=0&amp;h=n4tBGxZp3umVhrXvmYToydLTn5sJoPxdfet3oq3qF1Q=,
NE,https://media.gettyimages.com/photos/omaha-kerry-bridge-picture-id511886014?k=6&amp;m=511886014&amp;s=612x612&amp;w=0&amp;h=Vk4XLwRjk3jbFFR04USgkA1laVwgk5BWDq8PafgnI8Q=,
NH,https://media.gettyimages.com/photos/autumn-in-manchester-new-hampshire-picture-id832170372?k=6&amp;m=832170372&amp;s=612x612&amp;w=0&amp;h=Du-AVpNFSHeHdbSQ3Q5WMK5WG9XB1i8Uv2BPbeVinTg=,
NJ,https://media.gettyimages.com/photos/aerial-view-of-manhattan-from-jersry-city-new-york-usa-picture-id946082240?k=6&amp;m=946082240&amp;s=612x612&amp;w=0&amp;h=p8CP75xxTJnX0rx2lDIU1unj9TDdqQL9dCv3TAIo4nA=,
NM,https://media.gettyimages.com/photos/albuquerque-skyline-at-dusk-picture-id185066424?k=6&amp;m=185066424&amp;s=612x612&amp;w=0&amp;h=r9uQf8WVwF6Xvindam5MA5mfe7lhN15rNh7G_gjSRZM=,
ND,https://media.gettyimages.com/photos/fargo-north-dakota-picture-id823611142?k=6&amp;m=823611142&amp;s=612x612&amp;w=0&amp;h=R1ScS9mULCt2g9LYZ1OS8NnUjW8QPtCvLnOJP5P6hZ0=,
MS,https://media.gettyimages.com/photos/night-view-of-the-arch-in-the-st-louis-skyline-picture-id184405725?k=6&amp;m=184405725&amp;s=612x612&amp;w=0&amp;h=gdum9LthaM_HSJ7gr_tXJDH_BIAFUnhP5iPdb5vyghc=,